{"rewards/total_reward": 337.118904, "rollout/ep_len_mean": 43, "_timestamp": 1713341996.4578626, "train/entropy_loss": -11.7918940782547, "train/policy_gradient_loss": -0.0017492100305389613, "train/value_loss": 6395.1964111328125, "train/approx_kl": 0.003597838804125786, "train/clip_fraction": 0.014067551121115685, "train/loss": 3340.08251953125, "train/std": 1.0577452182769775, "train/n_updates": 128, "train/clip_range": 0.2, "_runtime": 164.86656165122986, "_step": 128000}