{"rewards/total_reward": 81.777255, "rollout/ep_len_mean": 42, "_timestamp": 1713175826.4032927, "train/entropy_loss": -23.089317274093627, "train/policy_gradient_loss": -0.007848239890881814, "train/value_loss": 4.774993741512299, "train/approx_kl": 0.01587836444377899, "train/clip_fraction": 0.17140692276880146, "train/loss": 2.1973559856414795, "train/std": 4.572564125061035, "train/n_updates": 8290, "train/clip_range": 0.2, "_runtime": 690.7495975494385, "_step": 829000, "_wandb": {"runtime": 691}}