{"rewards/total_reward": 281.178704, "rollout/ep_len_mean": 100, "_timestamp": 1712897398.7157848, "_runtime": 1715.1190888881683, "_step": 2900000}