{"rewards/total_reward": 32.147218, "rollout/ep_len_mean": 17, "_timestamp": 1713171643.2470293, "_runtime": 16.610945224761963, "_step": 980}