{"rewards/total_reward": 1399.075348, "rollout/ep_len_mean": 260, "_timestamp": 1712831738.2755284, "_runtime": 875.242374420166, "_step": 3000000, "_wandb": {"runtime": 874}}