{"rewards/total_reward": 63.305918, "rollout/ep_len_mean": 141, "_timestamp": 1712895620.2662396, "_runtime": 577.0024166107178, "_step": 1000000}