{"rewards/total_reward": -24.846918, "rollout/ep_len_mean": 6, "_timestamp": 1712851989.857551, "_runtime": 217.19694304466248, "_step": 25600}