{"rewards/total_reward": 4.394828, "rollout/ep_len_mean": 31, "_timestamp": 1713402793.8156052, "train/entropy_loss": -68.47041282653808, "train/policy_gradient_loss": -0.0010842501138540682, "train/value_loss": 0.16192228421568872, "train/approx_kl": 0.00047667199396528304, "train/clip_fraction": 0.00010775862028822303, "train/loss": -0.6054965257644653, "train/std": 4181.9970703125, "train/n_updates": 25000, "train/clip_range": 0.2, "_runtime": 10958.668050050735, "_step": 10000000, "_wandb": {"runtime": 10958}}