{"rewards/total_reward": 916.68345, "rollout/ep_len_mean": 165, "_timestamp": 1712868500.681631, "_runtime": 627.8199419975281, "_step": 990000}