{"rewards/total_reward": 394.269667, "rollout/ep_len_mean": 71, "_timestamp": 1712867840.1054373, "_runtime": 150.32330226898193, "_step": 181000}