{"rewards/total_reward": 73.673005, "rollout/ep_len_mean": 37, "_timestamp": 1713210966.1213405, "train/entropy_loss": -42.29350230693817, "train/policy_gradient_loss": -0.003541381004470168, "train/value_loss": 3.3980040475726128, "train/approx_kl": 0.006045159883797169, "train/clip_fraction": 0.0369726562872529, "train/loss": 1.0595487356185913, "train/std": 69.77587890625, "train/n_updates": 10000, "train/clip_range": 0.2, "_runtime": 1728.7385094165802, "_step": 2000000, "_wandb": {"runtime": 1728}}