{"rewards/total_reward": 248.007593, "rollout/ep_len_mean": 121, "_timestamp": 1713175561.714034, "train/entropy_loss": -4.499020172532197, "train/policy_gradient_loss": -0.0005862601503290852, "train/value_loss": 3.5462561718217884, "train/approx_kl": 0.005328603554517031, "train/clip_fraction": 0.041739649681528664, "train/loss": 1.9937554597854614, "train/std": 0.42666202783584595, "train/n_updates": 1000, "train/clip_range": 0.2, "_runtime": 1449.502247095108, "_step": 2000000, "_wandb": {"runtime": 1449}}