{"rewards/total_reward": 1852.413026, "rollout/ep_len_mean": 2002, "_timestamp": 1713344066.7839603, "train/entropy_loss": -15.023730039596558, "train/policy_gradient_loss": -0.0005304781661834568, "train/value_loss": 0.002331642172066495, "train/approx_kl": 0.004540901631116867, "train/clip_fraction": 0.025660021230578423, "train/loss": -0.1404123604297638, "train/std": 1.607990026473999, "train/n_updates": 2000, "train/clip_range": 0.2, "_runtime": 984.9113132953644, "_step": 2000000, "_wandb": {"runtime": 984}}