{"rewards/total_reward": 168.380694, "rollout/ep_len_mean": 71, "_timestamp": 1713174014.4770577, "_runtime": 1948.2647817134857, "_step": 2000000, "_wandb": {"runtime": 1947}}