{"rewards/total_reward": 18879.477193, "rollout/ep_len_mean": 3383, "_timestamp": 1712794495.0567536, "_runtime": 7584.172223567963, "_step": 3000000, "_wandb": {"runtime": 7583}}