{"rewards/total_reward": 15856.556239, "rollout/ep_len_mean": 2002, "_timestamp": 1713341795.023853, "train/entropy_loss": -13.084242820739746, "train/policy_gradient_loss": -0.0002438395458739251, "train/value_loss": 9937.86572265625, "train/approx_kl": 0.00045118597336113453, "train/clip_fraction": 0.0002561475266702473, "train/loss": 4905.4970703125, "train/std": 1.243265151977539, "train/n_updates": 932, "train/clip_range": 0.2, "_runtime": 697.6494650840759, "_step": 932000}