{"rewards/total_reward": 41.460492, "rollout/ep_len_mean": 92, "_timestamp": 1712894992.6527472, "_runtime": 549.4765071868896, "_step": 1150000}