{"rewards/total_reward": 311.751256, "rollout/ep_len_mean": 125, "_timestamp": 1713177901.0144732, "train/entropy_loss": -25.579309368133544, "train/policy_gradient_loss": -0.005322783041629009, "train/value_loss": 11.812217569351196, "train/approx_kl": 0.006299177184700966, "train/clip_fraction": 0.07066608304157854, "train/loss": 6.248885631561279, "train/std": 7.663487911224365, "train/n_updates": 20000, "train/clip_range": 0.2, "_runtime": 2213.7011342048645, "_step": 2000000, "_wandb": {"runtime": 2213}}