{"rewards/total_reward": 36.898464, "rollout/ep_len_mean": 18, "_timestamp": 1713202560.1103587, "train/entropy_loss": -43.403106927871704, "train/policy_gradient_loss": -0.006079085188684985, "train/value_loss": 2.2780433371663094, "train/approx_kl": 0.007466485723853111, "train/clip_fraction": 0.03593750020954758, "train/loss": 0.677329421043396, "train/std": 167.0091552734375, "train/n_updates": 20000, "train/clip_range": 0.2, "_runtime": 3995.636096715927, "_step": 2000000, "_wandb": {"runtime": 3995}}