{"rewards/total_reward": 13.950251, "rollout/ep_len_mean": 5, "_timestamp": 1712897674.4549215, "_runtime": 181.9597954750061, "_step": 19080}