{"rewards/total_reward": 585.855366, "rollout/ep_len_mean": 4002, "_timestamp": 1712758192.5900328, "_runtime": 17085.4189119339, "_step": 3000000, "_wandb": {"runtime": 17085}}