{"rewards/total_reward": 64.747961, "rollout/ep_len_mean": 87, "_timestamp": 1713378264.4806259, "train/entropy_loss": -14.260234594345093, "train/policy_gradient_loss": -0.0006916547572473064, "train/value_loss": 0.39940252155065536, "train/approx_kl": 0.007485756650567055, "train/clip_fraction": 0.050949622644111514, "train/loss": 0.06529201567173004, "train/std": 1.4451286792755127, "train/n_updates": 606, "train/clip_range": 0.2, "_runtime": 540.9397048950195, "_step": 606000}