{"rewards/total_reward": 148.8629, "rollout/ep_len_mean": 41, "_timestamp": 1712857278.9430885, "_runtime": 5268.988990545273, "_step": 1000000, "_wandb": {"runtime": 5268}}