{"rewards/total_reward": -26.88733, "rollout/ep_len_mean": 110, "_timestamp": 1713379861.2267916, "train/entropy_loss": -16.69174313545227, "train/policy_gradient_loss": 0.0025005496572703123, "train/value_loss": 10.023430824279785, "train/approx_kl": 0.00402438547462225, "train/clip_fraction": 0.013495083432644606, "train/loss": 4.9365692138671875, "train/std": 1.9620074033737183, "train/n_updates": 2000, "train/clip_range": 0.2, "_runtime": 1497.4086306095123, "_step": 2000000, "_wandb": {"runtime": 1496}}