{"rewards/total_reward": 173.537843, "rollout/ep_len_mean": 22, "_timestamp": 1713340894.501126, "train/entropy_loss": -14.619413650035858, "train/policy_gradient_loss": -0.010635151918540942, "train/value_loss": 0.5919540436938405, "train/approx_kl": 0.017375387251377106, "train/clip_fraction": 0.19810546876396984, "train/loss": 0.16540111601352692, "train/std": 1.5078868865966797, "train/n_updates": 1060, "train/clip_range": 0.2, "_runtime": 334.0779571533203, "_step": 212000}