{"rewards/total_reward": 7.823196, "rollout/ep_len_mean": 60, "_timestamp": 1713391216.58172, "train/entropy_loss": -39.961893272399905, "train/policy_gradient_loss": -0.002515464587486349, "train/value_loss": 0.2642610244452953, "train/approx_kl": 0.005300742574036121, "train/clip_fraction": 0.0159617455676198, "train/loss": -0.27975034713745117, "train/std": 87.33460998535156, "train/n_updates": 13600, "train/clip_range": 0.2, "_runtime": 5961.582410097122, "_step": 5440000}