{"rewards/total_reward": 58.188989, "rollout/ep_len_mean": 127, "_timestamp": 1712869728.5505173, "_runtime": 1200.0053434371948, "_step": 2000000, "_wandb": {"runtime": 1200}}